id,updated,confirmed,confirmed_change,deaths,deaths_change,recovered,recovered_change,latitude,longitude,iso2,iso3,country_region,admin_region_1,iso_subdivision,admin_region_2,load_time
146306352,2021-07-06,11164,4,107,0,11009,0,12.50914,-69.97044,AW,ABW,Aruba,,,,2025-10-11T00:06:33.8734980
155873905,2021-08-20,43119,891,974,3,,,-25.57894,134.3597,AU,AUS,Australia,,,,2025-10-11T00:06:33.8734980
101639806,2021-01-03,118,0,3,0,114,0,-35.48873,149.0029,AU,AUS,Australia,Australian Capital Territory,AU-ACT,,2025-10-11T00:06:33.8734980
212197271,2022-10-01,205818,66,126,1,,,-35.48873,149.0029,AU,AUS,Australia,Australian Capital Territory,AU-ACT,,2025-10-11T00:06:33.8734980
162090972,2021-10-04,65279,611,426,10,0,0,-32.16737,147.0129,AU,AUS,Australia,New South Wales,AU-NSW,,2025-10-11T00:06:33.8734980
79732670,2020-10-28,33,0,0,0,33,0,-19.48195,133.3698,AU,AUS,Australia,Northern Territory,AU-NT,,2025-10-11T00:06:33.8734980
217010067,2022-11-04,98763,45,75,0,,,-19.48195,133.3698,AU,AUS,Australia,Northern Territory,AU-NT,,2025-10-11T00:06:33.8734980
175527680,2022-01-18,245633,15516,29,0,0,0,-22.5757,144.5353,AU,AUS,Australia,Queensland,AU-QLD,,2025-10-11T00:06:33.8734980
123162336,2021-03-16,638,2,4,0,620,0,-30.07952,135.8282,AU,AUS,Australia,South Australia,AU-SA,,2025-10-11T00:06:33.8734980
4566822,2020-04-09,111,4,3,0,,,-42.02942,146.5904,AU,AUS,Australia,Tasmania,AU-TAS,,2025-10-11T00:06:33.8734980
198315446,2022-06-27,184078,801,89,0,,,-42.02942,146.5904,AU,AUS,Australia,Tasmania,AU-TAS,,2025-10-11T00:06:33.8734980
161337890,2021-09-28,34844,633,841,0,23678,0,-36.86429,144.3104,AU,AUS,Australia,Victoria,AU-VIC,,2025-10-11T00:06:33.8734980
89786571,2020-11-30,821,2,9,0,788,3,-25.46903,122.1877,AU,AUS,Australia,Western Australia,AU-WA,,2025-10-11T00:06:33.8734980
217329363,2022-11-09,1186656,1004,714,0,,,-25.46903,122.1877,AU,AUS,Australia,Western Australia,AU-WA,,2025-10-11T00:06:33.8734980
187036257,2022-04-11,3987385,10635,16208,40,,,47.58709,14.14129,AT,AUT,Austria,,,,2025-10-11T00:06:33.8734980
161023849,2021-09-26,19837,22,336,0,19056,32,47.54349,16.52266,AT,AUT,Austria,Burgenland,AT-1,,2025-10-11T00:06:33.8734980
112019579,2021-02-01,26048,115,618,2,24434,126,46.77396,13.91768,AT,AUT,Austria,Carinthia,,,2025-10-11T00:06:33.8734980
34411557,2020-06-22,2958,3,100,0,2769,19,48.27218,15.75166,AT,AUT,Austria,Lower Austria,,,2025-10-11T00:06:33.8734980
338995,2020-01-21,262,,0,,,,,,,,Worldwide,,,,2025-10-11T00:06:33.8734980
40158179,2020-07-04,32951,279,826,7,19164,1833,33.83114,66.02471,AF,AFG,Afghanistan,,,,2025-10-11T00:06:33.8734980
221631203,2022-12-13,206702,99,7839,0,,,33.83114,66.02471,AF,AFG,Afghanistan,,,,2025-10-11T00:06:33.8734980
201291163,2022-07-17,296717,934,3517,0,,,41.13929,20.06431,AL,ALB,Albania,,,,2025-10-11T00:06:33.8734980
177918072,2022-02-04,256321,485,6618,25,,,28.15509,2.67875,DZ,DZA,Algeria,,,,2025-10-11T00:06:33.8734980
160570367,2021-09-23,3,0,0,0,,,-14.30069,-170.7181,AS,ASM,American Samoa,,,,2025-10-11T00:06:33.8734980
145985523,2021-07-05,14003,17,127,0,13721,0,42.5453,1.57629,AD,AND,Andorra,,,,2025-10-11T00:06:33.8734980
123848691,2021-03-21,21716,20,526,4,20068,97,-12.33292,17.57284,AO,AGO,Angola,,,,2025-10-11T00:06:33.8734980
96224639,2020-12-19,10,0,0,0,3,0,18.21482,-63.0547,AI,AIA,Anguilla,,,,2025-10-11T00:06:33.8734980
194148139,2022-05-30,11,0,0,0,,,-80.20264,28.70341,AQ,ATA,Antarctica,,,,2025-10-11T00:06:33.8734980
165344813,2021-10-26,4031,6,99,0,0,0,17.07767,-61.79871,AG,ATG,Antigua and Barbuda,,,,2025-10-11T00:06:33.8734980
119005881,2021-02-15,2029004,3259,50327,91,1833404,6301,-35.18115,-65.09386,AR,ARG,Argentina,,,,2025-10-11T00:06:33.8734980
79416532,2020-10-27,535235,4221,16802,144,446889,3926,-36.6753,-60.55758,AR,ARG,Argentina,Buenos Aires,AR-B,,2025-10-11T00:06:33.8734980
194875372,2022-06-03,3286,0,0,0,,,-27.34156,-66.94754,AR,ARG,Argentina,Catamarca,AR-K,,2025-10-11T00:06:33.8734980
176334026,2022-01-23,79131,0,895,0,69721,0,-30.93488,-64.28046,AR,ARG,Argentina,Cordoba,,,2025-10-11T00:06:33.8734980
149290136,2021-07-20,1935267,3934,50657,0,1761756,0,-34.60849,-58.37344,AR,ARG,Argentina,City of Buenos Aires,,,2025-10-11T00:06:33.8734980
90294287,2020-12-02,19822,227,565,10,17530,549,-26.38626,-60.76559,AR,ARG,Argentina,Chaco,AR-H,,2025-10-11T00:06:33.8734980
44216443,2020-07-16,222,9,2,0,143,19,-43.79044,-68.52538,AR,ARG,Argentina,Chubut,AR-U,,2025-10-11T00:06:33.8734980
213002414,2022-10-06,36427,0,0,0,,,-43.79044,-68.52538,AR,ARG,Argentina,Chubut,AR-U,,2025-10-11T00:06:33.8734980
176605595,2022-01-25,1033241,0,16402,0,866108,0,-34.61459,-58.44583,AR,ARG,Argentina,City of Buenos Aires,,,2025-10-11T00:06:33.8734980
144876560,2021-06-29,77005,649,1025,0,68041,0,-27.47178,-58.84017,AR,ARG,Argentina,Corrientes,AR-W,,2025-10-11T00:06:33.8734980
103219936,2021-01-07,131427,931,2524,0,,,-32.14068,-63.80113,AR,ARG,Argentina,Cordoba,,,2025-10-11T00:06:33.8734980
66012260,2020-09-21,6291,85,0,0,,,-32.0573,-59.20301,AR,ARG,Argentina,Entre Rios,,,2025-10-11T00:06:33.8734980
41186725,2020-07-07,336,5,0,0,56,0,-32.0573,-59.20301,AR,ARG,Argentina,Entre Rios,,,2025-10-11T00:06:33.8734980
182577840,2022-03-09,371,0,0,0,,,-24.89491,-59.9325,AR,ARG,Argentina,Formosa,AR-P,,2025-10-11T00:06:33.8734980
164531793,2021-10-20,48198,11,1529,0,46071,0,-24.18813,-65.29604,AR,ARG,Argentina,Jujuy,AR-Y,,2025-10-11T00:06:33.8734980
137485125,2021-05-26,17694,189,614,0,14543,0,-29.68154,-67.17717,AR,ARG,Argentina,La Rioja,AR-F,,2025-10-11T00:06:33.8734980
92861468,2020-12-09,18286,221,317,6,15394,501,-28.46883,-67.6901,AR,ARG,Argentina,La Rioja,AR-F,,2025-10-11T00:06:33.8734980
32607585,2020-06-19,39,1,2,0,,,-26.87498,-54.65082,AR,ARG,Argentina,Misiones,AR-N,,2025-10-11T00:06:33.8734980
208522994,2022-09-05,1520,0,0,0,,,-26.87498,-54.65082,AR,ARG,Argentina,Misiones,AR-N,,2025-10-11T00:06:33.8734980
183522253,2022-03-16,61591,0,0,0,,,-32.89035,-68.84332,AR,ARG,Argentina,Mendoza,AR-M,,2025-10-11T00:06:33.8734980
166958438,2021-11-05,117244,54,2301,0,114370,0,-38.64054,-70.11623,AR,ARG,Argentina,Neuquen,,,2025-10-11T00:06:33.8734980
115544297,2021-02-12,50804,169,1146,0,46743,0,-40.40715,-67.22718,AR,ARG,Argentina,Rio Negro,,,2025-10-11T00:06:33.8734980
66019065,2020-09-21,9303,265,171,16,6036,378,-24.78864,-65.41022,AR,ARG,Argentina,Salta,AR-A,,2025-10-11T00:06:33.8734980
9388287,2020-05-03,2,0,,,,,-30.86179,-68.88118,AR,ARG,Argentina,San Juan,AR-J,,2025-10-11T00:06:33.8734980
201119742,2022-07-15,12676,0,0,0,,,-30.86179,-68.88118,AR,ARG,Argentina,San Juan,AR-J,,2025-10-11T00:06:33.8734980
167243784,2021-11-07,80174,4,1073,0,77343,0,-27.80532,-64.26122,AR,ARG,Argentina,Santiago del Estero,AR-G,,2025-10-11T00:06:33.8734980
122968163,2021-03-15,222684,477,4020,30,209514,2238,-31.63665,-60.71203,AR,ARG,Argentina,Santa Fe,AR-S,,2025-10-11T00:06:33.8734980
67575694,2020-09-25,1085,18,17,1,515,34,-33.3022,-66.33759,AR,ARG,Argentina,San Luis,AR-D,,2025-10-11T00:06:33.8734980
220045324,2022-11-30,16664,0,0,0,,,-33.3022,-66.33759,AR,ARG,Argentina,San Luis,AR-D,,2025-10-11T00:06:33.8734980
177823699,2022-02-03,238175,0,3603,0,212262,0,-26.94703,-65.3654,AR,ARG,Argentina,Tucuman,,,2025-10-11T00:06:33.8734980
163347525,2021-10-13,273860,903,5575,26,0,0,40.29264,44.93948,AM,ARM,Armenia,,,,2025-10-11T00:06:33.8734980
146501244,2021-07-07,11169,5,107,0,11009,0,12.50914,-69.97044,AW,ABW,Aruba,,,,2025-10-11T00:06:33.8734980
155873907,2021-08-21,44028,909,978,4,,,-25.57894,134.3597,AU,AUS,Australia,,,,2025-10-11T00:06:33.8734980
102051502,2021-01-04,118,0,3,0,114,0,-35.48873,149.0029,AU,AUS,Australia,Australian Capital Territory,AU-ACT,,2025-10-11T00:06:33.8734980
212328946,2022-10-02,205884,66,126,0,,,-35.48873,149.0029,AU,AUS,Australia,Australian Capital Territory,AU-ACT,,2025-10-11T00:06:33.8734980
162229642,2021-10-05,65876,597,432,6,0,0,-32.16737,147.0129,AU,AUS,Australia,New South Wales,AU-NSW,,2025-10-11T00:06:33.8734980
80127439,2020-10-29,38,5,0,0,33,0,-19.48195,133.3698,AU,AUS,Australia,Northern Territory,AU-NT,,2025-10-11T00:06:33.8734980
217136298,2022-11-05,98815,52,77,2,,,-19.48195,133.3698,AU,AUS,Australia,Northern Territory,AU-NT,,2025-10-11T00:06:33.8734980
175661905,2022-01-19,265565,19932,52,23,0,0,-22.5757,144.5353,AU,AUS,Australia,Queensland,AU-QLD,,2025-10-11T00:06:33.8734980
123358063,2021-03-17,640,2,4,0,620,0,-30.07952,135.8282,AU,AUS,Australia,South Australia,AU-SA,,2025-10-11T00:06:33.8734980
4761592,2020-04-10,120,9,3,0,,,-42.02942,146.5904,AU,AUS,Australia,Tasmania,AU-TAS,,2025-10-11T00:06:33.8734980
198462322,2022-06-28,185293,1215,89,0,,,-42.02942,146.5904,AU,AUS,Australia,Tasmania,AU-TAS,,2025-10-11T00:06:33.8734980
161492062,2021-09-29,35477,633,841,0,23678,0,-36.86429,144.3104,AU,AUS,Australia,Victoria,AU-VIC,,2025-10-11T00:06:33.8734980
90061064,2020-12-01,823,2,9,0,789,1,-25.46903,122.1877,AU,AUS,Australia,Western Australia,AU-WA,,2025-10-11T00:06:33.8734980
217477489,2022-11-10,1187660,1004,714,0,,,-25.46903,122.1877,AU,AUS,Australia,Western Australia,AU-WA,,2025-10-11T00:06:33.8734980
187180550,2022-04-12,4004069,16684,16226,18,,,47.58709,14.14129,AT,AUT,Austria,,,,2025-10-11T00:06:33.8734980
161178390,2021-09-27,19858,21,336,0,19088,32,47.54349,16.52266,AT,AUT,Austria,Burgenland,AT-1,,2025-10-11T00:06:33.8734980
112344141,2021-02-02,26191,143,647,29,23797,-637,46.77396,13.91768,AT,AUT,Austria,Carinthia,,,2025-10-11T00:06:33.8734980
34940161,2020-06-23,2962,4,100,0,2769,0,48.27218,15.75166,AT,AUT,Austria,Lower Austria,,,2025-10-11T00:06:33.8734980
338996,2020-01-22,313,51,0,0,,,,,,,Worldwide,,,,2025-10-11T00:06:33.8734980
40454881,2020-07-05,33190,239,864,38,19366,202,33.83114,66.02471,AF,AFG,Afghanistan,,,,2025-10-11T00:06:33.8734980
221756338,2022-12-14,206788,86,7840,1,,,33.83114,66.02471,AF,AFG,Afghanistan,,,,2025-10-11T00:06:33.8734980
201575186,2022-07-18,297651,934,3517,0,,,41.13929,20.06431,AL,ALB,Albania,,,,2025-10-11T00:06:33.8734980
177998833,2022-02-05,256806,485,6618,0,,,28.15509,2.67875,DZ,DZA,Algeria,,,,2025-10-11T00:06:33.8734980
160708909,2021-09-24,3,0,0,0,,,-14.30069,-170.7181,AS,ASM,American Samoa,,,,2025-10-11T00:06:33.8734980
146151570,2021-07-06,14021,18,127,0,13721,0,42.5453,1.57629,AD,AND,Andorra,,,,2025-10-11T00:06:33.8734980
123889068,2021-03-22,21736,20,526,0,20068,0,-12.33292,17.57284,AO,AGO,Angola,,,,2025-10-11T00:06:33.8734980
96532243,2020-12-20,10,0,0,0,3,0,18.21482,-63.0547,AI,AIA,Anguilla,,,,2025-10-11T00:06:33.8734980
194297648,2022-05-31,11,0,0,0,,,-80.20264,28.70341,AQ,ATA,Antarctica,,,,2025-10-11T00:06:33.8734980
165497842,2021-10-27,4033,2,99,0,0,0,17.07767,-61.79871,AG,ATG,Antigua and Barbuda,,,,2025-10-11T00:06:33.8734980
119331110,2021-02-16,2033006,4002,50432,105,1833404,0,-35.18115,-65.09386,AR,ARG,Argentina,,,,2025-10-11T00:06:33.8734980
79732512,2020-10-28,539473,4238,16986,184,450398,3509,-36.6753,-60.55758,AR,ARG,Argentina,Buenos Aires,AR-B,,2025-10-11T00:06:33.8734980
195026118,2022-06-04,3286,0,0,0,,,-27.34156,-66.94754,AR,ARG,Argentina,Catamarca,AR-K,,2025-10-11T00:06:33.8734980
176470390,2022-01-24,79131,0,895,0,69721,0,-30.93488,-64.28046,AR,ARG,Argentina,Cordoba,,,2025-10-11T00:06:33.8734980
149538080,2021-07-21,1939201,3934,50657,0,1761756,0,-34.60849,-58.37344,AR,ARG,Argentina,City of Buenos Aires,,,2025-10-11T00:06:33.8734980
90666374,2020-12-03,20049,227,565,0,17530,0,-26.38626,-60.76559,AR,ARG,Argentina,Chaco,AR-H,,2025-10-11T00:06:33.8734980
44598393,2020-07-17,227,5,2,0,144,1,-43.79044,-68.52538,AR,ARG,Argentina,Chubut,AR-U,,2025-10-11T00:06:33.8734980
213124640,2022-10-07,36427,0,0,0,,,-43.79044,-68.52538,AR,ARG,Argentina,Chubut,AR-U,,2025-10-11T00:06:33.8734980
176744664,2022-01-26,1033241,0,16402,0,866108,0,-34.61459,-58.44583,AR,ARG,Argentina,City of Buenos Aires,,,2025-10-11T00:06:33.8734980
145101183,2021-06-30,77655,650,1025,0,68041,0,-27.47178,-58.84017,AR,ARG,Argentina,Corrientes,AR-W,,2025-10-11T00:06:33.8734980
103579413,2021-01-08,132236,809,2534,10,,,-32.14068,-63.80113,AR,ARG,Argentina,Cordoba,,,2025-10-11T00:06:33.8734980
